URI,ASN,IP Prefix,Max Length,Not Before,Not After
"rsync://rpki.afrinic.net/repository/member_repository/F36AF9EE/90DED0CC0DCC11E59C25B724F8AEA228/0019F8C037AE11E69F172A2CF8AEA228.roa",AS60781,41.191.215.0/24,24,2016-06-21 12:45:09,2017-06-21 12:45:09
"rsync://rpki.afrinic.net/repository/member_repository/F36AF9EE/90DED0CC0DCC11E59C25B724F8AEA228/0019F8C037AE11E69F172A2CF8AEA228.roa",AS60781,2c0f:f9b8:d::/48,48,2016-06-21 12:45:09,2017-06-21 12:45:09
"rsync://rpki.afrinic.net/repository/member_repository/F36AF9EE/90DED0CC0DCC11E59C25B724F8AEA228/CCD0C05237AD11E6B0A2082CF8AEA228.roa",AS37674,41.191.212.0/22,24,2016-06-21 12:43:44,2017-06-21 12:43:44
"rsync://rpki.afrinic.net/repository/member_repository/F36AF9EE/90DED0CC0DCC11E59C25B724F8AEA228/CCD0C05237AD11E6B0A2082CF8AEA228.roa",AS37674,41.242.144.0/21,24,2016-06-21 12:43:44,2017-06-21 12:43:44
"rsync://rpki.afrinic.net/repository/member_repository/F36AF9EE/90DED0CC0DCC11E59C25B724F8AEA228/CCD0C05237AD11E6B0A2082CF8AEA228.roa",AS37674,196.50.2.0/24,24,2016-06-21 12:43:44,2017-06-21 12:43:44
"rsync://rpki.afrinic.net/repository/member_repository/F36AF9EE/90DED0CC0DCC11E59C25B724F8AEA228/CCD0C05237AD11E6B0A2082CF8AEA228.roa",AS37674,2c0f:f9b8::/32,48,2016-06-21 12:43:44,2017-06-21 12:43:44
"rsync://rpki.afrinic.net/repository/member_repository/F36F62C3/49DEC774556911E5A9048281F8AEA228/859706A096AA11E5AE549B4EF8AEA228.roa",AS6083,2001:42a0::/32,48,2015-11-29 15:05:40,2016-11-29 15:05:40
"rsync://rpki.afrinic.net/repository/member_repository/F36F62C3/49DEC774556911E5A9048281F8AEA228/A271671A96A611E5B2EA1D49F8AEA228.roa",AS6083,2001:42a0:7000::/36,48,2015-11-29 14:37:45,2016-11-29 14:37:45
"rsync://rpki.afrinic.net/repository/member_repository/F36D8DFA/0E9B19BA140A11E5A7F5FC4CF8AEA228/082A86B4140B11E5B1C0604DF8AEA228.roa",AS37271,197.157.64.0/19,19,2015-06-16 09:35:26,2025-06-16 09:35:26
"rsync://rpki.afrinic.net/repository/member_repository/F36D8DFA/0E9B19BA140A11E5A7F5FC4CF8AEA228/2BEA28CA140B11E5A64E754DF8AEA228.roa",AS37271,41.78.188.0/22,22,2015-06-16 09:36:26,2025-06-16 09:36:26
"rsync://rpki.afrinic.net/repository/member_repository/F36D8DFA/0E9B19BA140A11E5A7F5FC4CF8AEA228/4FB77596140B11E5A2B38D4DF8AEA228.roa",AS37271,2c0f:fa90::/32,32,2015-06-16 09:37:26,2025-06-16 09:37:26
"rsync://rpki.afrinic.net/repository/member_repository/F36D8DFA/0E9B19BA140A11E5A7F5FC4CF8AEA228/8A1CC04C140B11E58809AA4DF8AEA228.roa",AS37271,2c0f:fa90:f00::/40,40,2015-06-16 09:39:04,2025-06-16 09:39:04
"rsync://rpki.afrinic.net/repository/member_repository/F365C741/BE173EB406BD11E588824D08F8AEA228/51193AEC23D711E5AFB1712AF8AEA228.roa",AS37100,41.206.96.0/19,24,2015-07-06 12:05:24,2025-12-31 12:05:24
"rsync://rpki.afrinic.net/repository/member_repository/F365C741/BE173EB406BD11E588824D08F8AEA228/86AA770223D711E5AB708E2AF8AEA228.roa",AS37100,41.87.96.0/19,24,2015-07-06 12:07:00,2025-12-31 12:07:00
"rsync://rpki.afrinic.net/repository/member_repository/F365C741/BE173EB406BD11E588824D08F8AEA228/ABD3CC5E23D711E594D1A12AF8AEA228.roa",AS37100,105.16.0.0/12,24,2015-07-06 12:08:03,2025-12-31 12:08:03
"rsync://rpki.afrinic.net/repository/member_repository/F365C741/BE173EB406BD11E588824D08F8AEA228/CDA8B9DE23D711E5BADABA2AF8AEA228.roa",AS37100,41.217.212.0/22,24,2015-07-06 12:09:00,2025-12-31 12:09:00
"rsync://rpki.afrinic.net/repository/member_repository/F365C741/BE173EB406BD11E588824D08F8AEA228/DD86921023DF11E59A291F2EF8AEA228.roa",AS37100,2c0f:feb1::/32,48,2015-07-06 13:06:43,2025-12-31 13:06:43
"rsync://rpki.afrinic.net/repository/member_repository/F365C741/BE173EB406BD11E588824D08F8AEA228/F803FE7823D711E5AC3CCD2AF8AEA228.roa",AS37100,2c0f:feb0::/32,48,2015-07-06 12:10:11,2025-12-31 12:10:11
"rsync://rpki.afrinic.net/repository/member_repository/F36ABB63/E08FB58213F311E5A8E5AE44F8AEA228/D27247BA252F11E5B36C1231F8AEA228.roa",AS37519,154.70.136.0/21,32,2015-07-08 05:11:34,2020-07-08 05:11:34
"rsync://rpki.afrinic.net/repository/member_repository/F36ABB63/E08FB58213F311E5A8E5AE44F8AEA228/D27247BA252F11E5B36C1231F8AEA228.roa",AS37519,2c0f:f668::/32,128,2015-07-08 05:11:34,2020-07-08 05:11:34
"rsync://rpki.afrinic.net/repository/member_repository/F3646DCF/DA9D1FCE773611E59B2FF40DF8AEA228/6199DF3A773711E59D983C0EF8AEA228.roa",AS327917,196.13.108.0/24,24,2015-10-20 14:33:01,2017-10-20 14:33:01
"rsync://rpki.afrinic.net/repository/member_repository/F3646DCF/DA9D1FCE773611E59B2FF40DF8AEA228/97EFF9FE41C911E6974C3715F8AEA228.roa",AS327917,2001:43f8:b30::/48,64,2016-07-04 09:27:52,2026-07-31 09:27:52
"rsync://rpki.afrinic.net/repository/member_repository/F362CFE4/54579C4A78A911E59A7A2927F8AEA228/09D9154C82C511E587AF1508F8AEA228.roa",AS3741,196.23.0.0/16,16,2015-11-04 07:24:52,2016-08-02 07:24:52
"rsync://rpki.afrinic.net/repository/member_repository/F362CFE4/54579C4A78A911E59A7A2927F8AEA228/0F971FF082C611E5B001E009F8AEA228.roa",AS3741,196.36.0.0/16,16,2015-11-04 07:32:11,2016-08-02 07:32:11
"rsync://rpki.afrinic.net/repository/member_repository/F362CFE4/54579C4A78A911E59A7A2927F8AEA228/172D3B3A82C811E59F325B0DF8AEA228.roa",AS3741,197.96.0.0/13,13,2015-11-04 07:46:43,2016-08-02 07:46:43
"rsync://rpki.afrinic.net/repository/member_repository/F362CFE4/54579C4A78A911E59A7A2927F8AEA228/3151114882C911E5A748290FF8AEA228.roa",AS3741,196.4.160.0/24,24,2015-11-04 07:54:36,2016-08-13 07:54:36
"rsync://rpki.afrinic.net/repository/member_repository/F362CFE4/54579C4A78A911E59A7A2927F8AEA228/43C1824482C511E583003308F8AEA228.roa",AS3741,196.26.0.0/16,16,2015-11-04 07:26:29,2016-08-02 07:26:29
"rsync://rpki.afrinic.net/repository/member_repository/F362CFE4/54579C4A78A911E59A7A2927F8AEA228/4D1EC5D082C611E59750060AF8AEA228.roa",AS3741,196.37.0.0/16,16,2015-11-04 07:33:54,2016-08-02 07:33:54
"rsync://rpki.afrinic.net/repository/member_repository/F362CFE4/54579C4A78A911E59A7A2927F8AEA228/554994D682C811E5ADD87B0DF8AEA228.roa",AS3741,196.4.160.0/23,23,2015-11-04 07:48:26,2016-08-02 07:48:26
"rsync://rpki.afrinic.net/repository/member_repository/F362CFE4/54579C4A78A911E59A7A2927F8AEA228/62BE7D3082C711E5A96AC30BF8AEA228.roa",AS3741,196.208.0.0/14,14,2015-11-04 07:41:40,2016-08-02 07:41:40
"rsync://rpki.afrinic.net/repository/member_repository/F362CFE4/54579C4A78A911E59A7A2927F8AEA228/7B0A560482C511E5B4E29A09F8AEA228.roa",AS3741,196.33.0.0/16,16,2015-11-04 07:28:02,2016-08-02 07:28:02
"rsync://rpki.afrinic.net/repository/member_repository/F362CFE4/54579C4A78A911E59A7A2927F8AEA228/7CBBFB6682C411E5B3D2D207F8AEA228.roa",AS3741,2c0f:fc00::/27,27,2015-11-04 07:20:53,2016-08-02 07:20:53
"rsync://rpki.afrinic.net/repository/member_repository/F362CFE4/54579C4A78A911E59A7A2927F8AEA228/8263A50882C611E5AC231E0AF8AEA228.roa",AS3741,196.38.0.0/16,16,2015-11-04 07:35:22,2016-08-02 07:35:22
"rsync://rpki.afrinic.net/repository/member_repository/F362CFE4/54579C4A78A911E59A7A2927F8AEA228/A2615EF282C811E5BDCD9C0DF8AEA228.roa",AS3741,196.6.240.0/23,23,2015-11-04 07:50:37,2016-08-02 07:50:37
"rsync://rpki.afrinic.net/repository/member_repository/F362CFE4/54579C4A78A911E59A7A2927F8AEA228/A6D652F482C711E597A1E60BF8AEA228.roa",AS3741,196.212.0.0/14,14,2015-11-04 07:43:34,2016-08-02 07:43:34
"rsync://rpki.afrinic.net/repository/member_repository/F362CFE4/54579C4A78A911E59A7A2927F8AEA228/B6B52F3082C511E5AE4BB309F8AEA228.roa",AS3741,196.34.0.0/15,15,2015-11-04 07:29:40,2016-08-02 07:29:40
"rsync://rpki.afrinic.net/repository/member_repository/F362CFE4/54579C4A78A911E59A7A2927F8AEA228/BF5CE64A82C611E5B32B800BF8AEA228.roa",AS3741,196.39.0.0/17,17,2015-11-04 07:37:06,2016-08-02 07:37:06
"rsync://rpki.afrinic.net/repository/member_repository/F362CFE4/54579C4A78A911E59A7A2927F8AEA228/C1D0457C82C411E5B86CF007F8AEA228.roa",AS3741,196.14.0.0/16,16,2015-11-04 07:22:48,2016-08-02 07:22:48
"rsync://rpki.afrinic.net/repository/member_repository/F362CFE4/54579C4A78A911E59A7A2927F8AEA228/E5B6C08482C811E5AEA7C10DF8AEA228.roa",AS3741,196.4.161.0/24,24,2015-11-04 07:52:29,2016-08-13 07:52:29
"rsync://rpki.afrinic.net/repository/member_repository/F36D9B5B/9E1BD378135A11E5B68D4286F8AEA228/09E06A56CC1011E58EEDBC2DF8AEA228.roa",AS32653,41.77.158.0/23,24,2016-02-05 13:56:36,2018-05-31 13:56:36
"rsync://rpki.afrinic.net/repository/member_repository/F36D9B5B/9E1BD378135A11E5B68D4286F8AEA228/09E06A56CC1011E58EEDBC2DF8AEA228.roa",AS32653,154.72.108.0/22,24,2016-02-05 13:56:36,2018-05-31 13:56:36
"rsync://rpki.afrinic.net/repository/member_repository/F36D9B5B/9E1BD378135A11E5B68D4286F8AEA228/0FBBC492822E11E5A4A0D129F8AEA228.roa",AS32653,41.77.156.0/23,23,2015-11-03 13:24:08,2018-02-01 13:24:08
"rsync://rpki.afrinic.net/repository/member_repository/F36D9B5B/9E1BD378135A11E5B68D4286F8AEA228/2E79DA2618BC11E59953835CF8AEA228.roa",AS32653,41.222.48.0/21,24,2015-06-22 08:53:35,2018-06-13 08:53:35
"rsync://rpki.afrinic.net/repository/member_repository/F36D9B5B/9E1BD378135A11E5B68D4286F8AEA228/4BB808D0822D11E5B4C87329F8AEA228.roa",AS32653,154.72.104.0/22,22,2015-11-03 13:18:40,2018-07-05 13:18:40
"rsync://rpki.afrinic.net/repository/member_repository/F36D9B5B/9E1BD378135A11E5B68D4286F8AEA228/515FF06618BC11E5AED2955CF8AEA228.roa",AS32653,2c0f:fbf0::/28,48,2015-06-22 08:54:33,2018-06-13 08:54:33
"rsync://rpki.afrinic.net/repository/member_repository/F36D9B5B/9E1BD378135A11E5B68D4286F8AEA228/A7B3DA6A822D11E595EA9B29F8AEA228.roa",AS32653,154.72.96.0/21,21,2015-11-03 13:21:10,2018-07-11 13:21:10
"rsync://rpki.afrinic.net/repository/member_repository/F36D9B5B/9E1BD378135A11E5B68D4286F8AEA228/B40105B0822B11E585092626F8AEA228.roa",AS32653,41.77.152.0/22,22,2015-11-03 13:07:14,2018-07-05 13:07:14
"rsync://rpki.afrinic.net/repository/member_repository/F36D9B5B/9E1BD378135A11E5B68D4286F8AEA228/B40105B0822B11E585092626F8AEA228.roa",AS32653,41.222.48.0/21,21,2015-11-03 13:07:14,2018-07-05 13:07:14
"rsync://rpki.afrinic.net/repository/member_repository/F36D9B5B/9E1BD378135A11E5B68D4286F8AEA228/B40105B0822B11E585092626F8AEA228.roa",AS32653,2c0f:fbf0::/28,28,2015-11-03 13:07:14,2018-07-05 13:07:14
"rsync://rpki.afrinic.net/repository/member_repository/F36374C9/42E9387278AB11E5BFBA862AF8AEA228/6AF336DC822A11E5A3415D24F8AEA228.roa",AS37640,154.66.88.0/21,21,2015-11-03 12:58:04,2023-12-31 12:58:04
"rsync://rpki.afrinic.net/repository/member_repository/F361D299/48F008D856D511E5845EF85CF8AEA228/A7FF2C1856D611E5A1D3CA5EF8AEA228.roa",AS37199,41.76.128.0/21,24,2015-09-09 09:39:34,2025-09-09 09:39:34
"rsync://rpki.afrinic.net/repository/member_repository/F361D299/48F008D856D511E5845EF85CF8AEA228/A7FF2C1856D611E5A1D3CA5EF8AEA228.roa",AS37199,197.155.0.0/19,24,2015-09-09 09:39:34,2025-09-09 09:39:34
"rsync://rpki.afrinic.net/repository/member_repository/F361D299/48F008D856D511E5845EF85CF8AEA228/A7FF2C1856D611E5A1D3CA5EF8AEA228.roa",AS37199,2c0f:fb18::/32,48,2015-09-09 09:39:34,2025-09-09 09:39:34
"rsync://rpki.afrinic.net/repository/member_repository/F3623CAF/D13F9DB0F4F111E5BE8A634CF8AEA228/D4836C70F58E11E59F714033F8AEA228.roa",AS22690,41.242.140.0/22,24,2016-03-29 09:18:01,2026-03-29 09:18:01
"rsync://rpki.afrinic.net/repository/member_repository/F36C55B7/3BC8126E973411E599B42B1BF8AEA228/00C708A2A4B111E5B6F08578F8AEA228.roa",AS10474,41.86.96.0/19,24,2015-12-17 11:27:35,2020-12-17 11:27:35
"rsync://rpki.afrinic.net/repository/member_repository/F36C55B7/3BC8126E973411E599B42B1BF8AEA228/05C4BCECA4B011E5BF3AB676F8AEA228.roa",AS10474,196.28.192.0/19,24,2015-12-17 11:20:33,2020-12-17 11:20:33
"rsync://rpki.afrinic.net/repository/member_repository/F36C55B7/3BC8126E973411E599B42B1BF8AEA228/06EDE718A56611E58D097F82F8AEA228.roa",AS12258,196.2.32.0/19,24,2015-12-18 09:03:23,2020-12-18 09:03:23
"rsync://rpki.afrinic.net/repository/member_repository/F36C55B7/3BC8126E973411E599B42B1BF8AEA228/0F2224AEA4C011E58FDFE70EF8AEA228.roa",AS10474,196.2.16.0/20,24,2015-12-17 13:15:20,2020-12-17 13:15:20
"rsync://rpki.afrinic.net/repository/member_repository/F36C55B7/3BC8126E973411E599B42B1BF8AEA228/1CD8DB54A56711E5BEB43B84F8AEA228.roa",AS12258,196.28.192.0/19,24,2015-12-18 09:11:10,2020-12-18 09:11:10
"rsync://rpki.afrinic.net/repository/member_repository/F36C55B7/3BC8126E973411E599B42B1BF8AEA228/2EB0851EA55F11E5AB204478F8AEA228.roa",AS10474,2c0f:ff40::/26,64,2015-12-18 08:14:23,2020-12-18 08:14:23
"rsync://rpki.afrinic.net/repository/member_repository/F36C55B7/3BC8126E973411E599B42B1BF8AEA228/3322D71EA4B011E5B3B7D276F8AEA228.roa",AS10474,196.44.192.0/20,24,2015-12-17 11:21:49,2020-12-17 11:21:49
"rsync://rpki.afrinic.net/repository/member_repository/F36C55B7/3BC8126E973411E599B42B1BF8AEA228/33ACE480A4B111E5B9C19878F8AEA228.roa",AS10474,41.132.0.0/14,24,2015-12-17 11:29:00,2020-12-17 11:29:00
"rsync://rpki.afrinic.net/repository/member_repository/F36C55B7/3BC8126E973411E599B42B1BF8AEA228/36E43F58A30411E5A7EEBF81F8AEA228.roa",AS10474,197.88.0.0/13,24,2015-12-15 08:18:08,2020-12-15 08:18:08
"rsync://rpki.afrinic.net/repository/member_repository/F36C55B7/3BC8126E973411E599B42B1BF8AEA228/59F328DAA4C911E58942DF1CF8AEA228.roa",AS12258,196.2.128.0/19,24,2015-12-17 14:21:49,2020-12-17 14:21:49
"rsync://rpki.afrinic.net/repository/member_repository/F36C55B7/3BC8126E973411E599B42B1BF8AEA228/6911ECD8A4C011E5849A160FF8AEA228.roa",AS10474,196.28.8.0/24,24,2015-12-17 13:17:52,2020-12-17 13:17:52
"rsync://rpki.afrinic.net/repository/member_repository/F36C55B7/3BC8126E973411E599B42B1BF8AEA228/6D79DDFEA4B011E59C80F076F8AEA228.roa",AS10474,196.41.128.0/19,24,2015-12-17 11:23:27,2020-12-17 11:23:27
"rsync://rpki.afrinic.net/repository/member_repository/F36C55B7/3BC8126E973411E599B42B1BF8AEA228/6DB953E8A4B111E5975FB578F8AEA228.roa",AS10474,196.28.16.0/20,24,2015-12-17 11:30:37,2020-12-17 11:30:37
"rsync://rpki.afrinic.net/repository/member_repository/F36C55B7/3BC8126E973411E599B42B1BF8AEA228/879949CEA56711E59EB97384F8AEA228.roa",AS12258,196.41.128.0/19,24,2015-12-18 09:14:09,2020-12-18 09:14:09
"rsync://rpki.afrinic.net/repository/member_repository/F36C55B7/3BC8126E973411E599B42B1BF8AEA228/8DE569A4A4C011E5B4DE6F10F8AEA228.roa",AS10474,196.4.162.0/24,24,2015-12-17 13:18:53,2020-12-17 13:18:53
"rsync://rpki.afrinic.net/repository/member_repository/F36C55B7/3BC8126E973411E599B42B1BF8AEA228/8EAFD85AA56611E5B8A7B682F8AEA228.roa",AS12258,196.28.64.0/18,24,2015-12-18 09:07:12,2020-12-18 09:07:12
"rsync://rpki.afrinic.net/repository/member_repository/F36C55B7/3BC8126E973411E599B42B1BF8AEA228/92956030A4B111E5ADEECC78F8AEA228.roa",AS10474,196.28.32.0/20,24,2015-12-17 11:31:39,2020-12-17 11:31:39
"rsync://rpki.afrinic.net/repository/member_repository/F36C55B7/3BC8126E973411E599B42B1BF8AEA228/95F8B5E8A4B011E5BE170877F8AEA228.roa",AS10474,196.2.128.0/19,24,2015-12-17 11:24:35,2020-12-17 11:24:35
"rsync://rpki.afrinic.net/repository/member_repository/F36C55B7/3BC8126E973411E599B42B1BF8AEA228/9DB41B38A4C411E5A041FA15F8AEA228.roa",AS12258,196.4.162.0/24,24,2015-12-17 13:47:58,2020-12-17 13:47:58
"rsync://rpki.afrinic.net/repository/member_repository/F36C55B7/3BC8126E973411E599B42B1BF8AEA228/B3330508A27311E58E40F82DF8AEA228.roa",AS10474,197.80.0.0/13,24,2015-12-14 15:03:34,2020-12-14 15:03:34
"rsync://rpki.afrinic.net/repository/member_repository/F36C55B7/3BC8126E973411E599B42B1BF8AEA228/BE9561BCA4B111E5AEE5E478F8AEA228.roa",AS10474,196.22.160.0/19,24,2015-12-17 11:32:53,2020-12-17 11:32:53
"rsync://rpki.afrinic.net/repository/member_repository/F36C55B7/3BC8126E973411E599B42B1BF8AEA228/C65B052EA4B011E590581D77F8AEA228.roa",AS10474,196.28.64.0/18,24,2015-12-17 11:25:56,2020-12-17 11:25:56
"rsync://rpki.afrinic.net/repository/member_repository/F36C55B7/3BC8126E973411E599B42B1BF8AEA228/D64694BEA56711E588949E84F8AEA228.roa",AS12258,41.86.96.0/19,24,2015-12-18 09:16:20,2020-12-18 09:16:20
"rsync://rpki.afrinic.net/repository/member_repository/F36C55B7/3BC8126E973411E599B42B1BF8AEA228/D7EDDBF0A4AF11E5BEC6A276F8AEA228.roa",AS10474,196.28.128.0/18,24,2015-12-17 11:19:16,2020-12-17 11:19:16
"rsync://rpki.afrinic.net/repository/member_repository/F36C55B7/3BC8126E973411E599B42B1BF8AEA228/E7D4139EA4BF11E5A7E3D10EF8AEA228.roa",AS10474,196.2.32.0/19,24,2015-12-17 13:14:13,2020-12-17 13:14:13
"rsync://rpki.afrinic.net/repository/member_repository/F36C55B7/3BC8126E973411E599B42B1BF8AEA228/F7D71E6AA56611E5983F2984F8AEA228.roa",AS12258,196.28.128.0/18,24,2015-12-18 09:10:08,2020-12-18 09:10:08
"rsync://rpki.afrinic.net/repository/member_repository/F3627570/37D9D6B2788D11E584B9297EF8AEA228/171EF140822A11E58CF03224F8AEA228.roa",AS37226,196.46.29.0/24,24,2015-11-03 12:55:40,2021-01-01 12:55:40
"rsync://rpki.afrinic.net/repository/member_repository/F36A6DD7/5CB7C22E587F11E5BF942749F8AEA228/2E038C0A588011E5A3D68149F8AEA228.roa",AS327767,154.73.32.0/22,24,2015-09-11 12:25:36,2020-09-11 12:25:36
"rsync://rpki.afrinic.net/repository/member_repository/F36A6DD7/5CB7C22E587F11E5BF942749F8AEA228/2E038C0A588011E5A3D68149F8AEA228.roa",AS327767,2c0f:f720::/32,48,2015-09-11 12:25:36,2020-09-11 12:25:36
"rsync://rpki.afrinic.net/repository/member_repository/F36FFD1E/1AAE260C316511E5AE666067F8AEA228/36DF01DC39AA11E59B5A3D32F8AEA228.roa",AS36958,41.86.32.0/19,24,2015-08-03 06:38:03,2025-08-03 06:38:03
"rsync://rpki.afrinic.net/repository/member_repository/F36FFD1E/1AAE260C316511E5AE666067F8AEA228/36DF01DC39AA11E59B5A3D32F8AEA228.roa",AS36958,41.191.120.0/22,24,2015-08-03 06:38:03,2025-08-03 06:38:03
"rsync://rpki.afrinic.net/repository/member_repository/F36FFD1E/1AAE260C316511E5AE666067F8AEA228/36DF01DC39AA11E59B5A3D32F8AEA228.roa",AS36958,41.222.204.0/22,24,2015-08-03 06:38:03,2025-08-03 06:38:03
"rsync://rpki.afrinic.net/repository/member_repository/F36FFD1E/1AAE260C316511E5AE666067F8AEA228/36DF01DC39AA11E59B5A3D32F8AEA228.roa",AS36958,41.223.216.0/22,24,2015-08-03 06:38:03,2025-08-03 06:38:03
"rsync://rpki.afrinic.net/repository/member_repository/F36FFD1E/1AAE260C316511E5AE666067F8AEA228/36DF01DC39AA11E59B5A3D32F8AEA228.roa",AS36958,197.157.96.0/19,24,2015-08-03 06:38:03,2025-08-03 06:38:03
"rsync://rpki.afrinic.net/repository/member_repository/F36FFD1E/1AAE260C316511E5AE666067F8AEA228/36DF01DC39AA11E59B5A3D32F8AEA228.roa",AS36958,2c0f:fef0::/32,48,2015-08-03 06:38:03,2025-08-03 06:38:03
"rsync://rpki.afrinic.net/repository/member_repository/F3656BE0/5EFEE58E579511E593BABF73F8AEA228/AEDACD42579611E5A6CC8475F8AEA228.roa",AS37356,196.6.242.0/24,24,2015-09-10 08:34:09,2025-09-10 08:34:09
"rsync://rpki.afrinic.net/repository/member_repository/F36429BB/5F4E1BC878AA11E5AB4EDE28F8AEA228/9335B4A4822E11E5BC19482BF8AEA228.roa",AS37403,41.79.148.0/22,22,2015-11-03 13:27:46,2020-08-31 13:27:46
"rsync://rpki.afrinic.net/repository/member_repository/F36429BB/5F4E1BC878AA11E5AB4EDE28F8AEA228/9335B4A4822E11E5BC19482BF8AEA228.roa",AS37403,41.242.40.0/21,21,2015-11-03 13:27:46,2020-08-31 13:27:46
"rsync://rpki.afrinic.net/repository/member_repository/F36429BB/5F4E1BC878AA11E5AB4EDE28F8AEA228/9335B4A4822E11E5BC19482BF8AEA228.roa",AS37403,2c0f:faf8::/32,32,2015-11-03 13:27:46,2020-08-31 13:27:46
"rsync://rpki.afrinic.net/repository/member_repository/F3632FD4/9CD812D078A711E5A46B2825F8AEA228/1652A478822F11E590B4812BF8AEA228.roa",AS37596,41.223.24.0/22,22,2015-11-03 13:31:28,2018-06-29 13:31:28
"rsync://rpki.afrinic.net/repository/member_repository/F3632FD4/9CD812D078A711E5A46B2825F8AEA228/1652A478822F11E590B4812BF8AEA228.roa",AS37596,2c0f:f970::/32,32,2015-11-03 13:31:28,2018-06-29 13:31:28
"rsync://rpki.afrinic.net/repository/member_repository/F36472E5/8DB6547A56D711E585356D60F8AEA228/0475EE6856D811E5B0E8AA60F8AEA228.roa",AS36874,196.6.121.0/24,24,2015-09-09 09:49:20,2025-09-09 09:49:20
"rsync://rpki.afrinic.net/repository/member_repository/F3634D22/1D5F7C26047311E580C18A06F8AEA228/02859A22526411E5BF24432CF8AEA228.roa",AS33764,196.2.3.0/24,24,2015-09-03 17:48:47,2025-09-30 17:48:47
"rsync://rpki.afrinic.net/repository/member_repository/F3634D22/1D5F7C26047311E580C18A06F8AEA228/02859A22526411E5BF24432CF8AEA228.roa",AS33764,196.216.2.0/23,24,2015-09-03 17:48:47,2025-09-30 17:48:47
"rsync://rpki.afrinic.net/repository/member_repository/F3634D22/1D5F7C26047311E580C18A06F8AEA228/02859A22526411E5BF24432CF8AEA228.roa",AS33764,196.216.168.0/24,24,2015-09-03 17:48:47,2025-09-30 17:48:47
"rsync://rpki.afrinic.net/repository/member_repository/F3634D22/1D5F7C26047311E580C18A06F8AEA228/02859A22526411E5BF24432CF8AEA228.roa",AS33764,196.216.169.0/24,24,2015-09-03 17:48:47,2025-09-30 17:48:47
"rsync://rpki.afrinic.net/repository/member_repository/F3634D22/1D5F7C26047311E580C18A06F8AEA228/02859A22526411E5BF24432CF8AEA228.roa",AS33764,2001:42d0::/32,48,2015-09-03 17:48:47,2025-09-30 17:48:47
"rsync://rpki.afrinic.net/repository/member_repository/F3634D22/1D5F7C26047311E580C18A06F8AEA228/02B9A340526811E59CE4BC35F8AEA228.roa",AS37181,196.216.169.0/24,24,2015-09-03 18:17:25,2025-09-03 18:17:25
"rsync://rpki.afrinic.net/repository/member_repository/F3634D22/1D5F7C26047311E580C18A06F8AEA228/02B9A340526811E59CE4BC35F8AEA228.roa",AS37181,2001:43f8:110::/48,48,2015-09-03 18:17:25,2025-09-03 18:17:25
"rsync://rpki.afrinic.net/repository/member_repository/F3634D22/1D5F7C26047311E580C18A06F8AEA228/4DB44F44526311E5BE4AAB2AF8AEA228.roa",AS33764,2001:42d0::/32,48,2015-09-03 17:43:43,2025-09-30 17:43:43
"rsync://rpki.afrinic.net/repository/member_repository/F3634D22/1D5F7C26047311E580C18A06F8AEA228/574AAF32526611E5923E5332F8AEA228.roa",AS37708,196.1.0.0/24,24,2015-09-03 18:05:28,2025-09-03 18:05:28
"rsync://rpki.afrinic.net/repository/member_repository/F3634D22/1D5F7C26047311E580C18A06F8AEA228/574AAF32526611E5923E5332F8AEA228.roa",AS37708,196.192.112.0/24,24,2015-09-03 18:05:28,2025-09-03 18:05:28
"rsync://rpki.afrinic.net/repository/member_repository/F3634D22/1D5F7C26047311E580C18A06F8AEA228/574AAF32526611E5923E5332F8AEA228.roa",AS37708,196.192.113.0/24,24,2015-09-03 18:05:28,2025-09-03 18:05:28
"rsync://rpki.afrinic.net/repository/member_repository/F3634D22/1D5F7C26047311E580C18A06F8AEA228/5FCF130E526711E5BF432A34F8AEA228.roa",AS33764,196.192.141.0/24,24,2015-09-03 18:12:52,2025-09-30 18:12:52
"rsync://rpki.afrinic.net/repository/member_repository/F3634D22/1D5F7C26047311E580C18A06F8AEA228/90291598526411E59BC3CA2DF8AEA228.roa",AS37301,196.192.124.0/24,24,2015-09-03 17:52:45,2025-09-30 17:52:45
"rsync://rpki.afrinic.net/repository/member_repository/F3634D22/1D5F7C26047311E580C18A06F8AEA228/90291598526411E59BC3CA2DF8AEA228.roa",AS37301,2001:43f8:92::/48,48,2015-09-03 17:52:45,2025-09-30 17:52:45
"rsync://rpki.afrinic.net/repository/member_repository/F3634D22/1D5F7C26047311E580C18A06F8AEA228/992D2A9A526811E5AB5B4537F8AEA228.roa",AS37177,196.216.168.0/24,24,2015-09-03 18:21:38,2025-09-03 18:21:38
"rsync://rpki.afrinic.net/repository/member_repository/F3634D22/1D5F7C26047311E580C18A06F8AEA228/DA043998526611E5B00CA032F8AEA228.roa",AS37301,196.192.142.0/24,24,2015-09-03 18:09:08,2025-09-30 18:09:08
"rsync://rpki.afrinic.net/repository/member_repository/F3634D22/1D5F7C26047311E580C18A06F8AEA228/FB02A118610F11E585834E49F8AEA228.roa",AS37708,196.192.140.0/22,24,2015-09-22 09:55:09,2025-09-30 09:55:09
"rsync://rpki.afrinic.net/repository/member_repository/F36549B1/DF788C98561311E5B1A0E360F8AEA228/1214F7F4585D11E59D5C7317F8AEA228.roa",AS37668,196.10.55.0/24,24,2015-09-11 08:14:18,2025-09-30 08:14:18
"rsync://rpki.afrinic.net/repository/member_repository/F36549B1/DF788C98561311E5B1A0E360F8AEA228/1214F7F4585D11E59D5C7317F8AEA228.roa",AS37668,2001:43f8:1f5::/48,48,2015-09-11 08:14:18,2025-09-30 08:14:18
"rsync://rpki.afrinic.net/repository/member_repository/F36549B1/DF788C98561311E5B1A0E360F8AEA228/4C3C8DC6585C11E58ADCBB15F8AEA228.roa",AS37474,196.10.52.0/23,23,2015-09-11 08:08:44,2025-09-30 08:08:44
"rsync://rpki.afrinic.net/repository/member_repository/F36549B1/DF788C98561311E5B1A0E360F8AEA228/4C3C8DC6585C11E58ADCBB15F8AEA228.roa",AS37474,2001:43f8:1f3::/48,48,2015-09-11 08:08:44,2025-09-30 08:08:44
"rsync://rpki.afrinic.net/repository/member_repository/F36549B1/DF788C98561311E5B1A0E360F8AEA228/B52245B0585C11E5AF923917F8AEA228.roa",AS37663,196.10.54.0/24,24,2015-09-11 08:11:42,2025-09-30 08:11:42
"rsync://rpki.afrinic.net/repository/member_repository/F36549B1/DF788C98561311E5B1A0E360F8AEA228/B52245B0585C11E5AF923917F8AEA228.roa",AS37663,2001:43f8:1f4::/48,48,2015-09-11 08:11:42,2025-09-30 08:11:42
"rsync://rpki.afrinic.net/repository/member_repository/F3699B8E/FE20D820B12211E5B9294D4AF8AEA228/F1C8D05EB12311E59FED0A4CF8AEA228.roa",AS61138,2c0f:f530::/32,44,2016-01-02 07:40:44,2021-01-24 07:40:44
"rsync://rpki.afrinic.net/repository/member_repository/F3621B43/384EC3FA159B11E5B93FD966F8AEA228/5272710A1FEB11E5A7F59460F8AEA228.roa",AS37105,2001:43e8::/32,48,2015-07-04 12:18:37,2016-08-31 12:18:37
"rsync://rpki.afrinic.net/repository/member_repository/F3627BD6/366035A423F211E6BD17D823F8AEA228/22E5350423F911E6ACCC1F2DF8AEA228.roa",AS7020,196.10.1.0/24,24,2016-05-27 10:52:36,2017-05-26 10:52:36
"rsync://rpki.afrinic.net/repository/member_repository/F3627BD6/366035A423F211E6BD17D823F8AEA228/292B3CB223FC11E68DFB0531F8AEA228.roa",AS7020,196.10.50.0/24,24,2016-05-27 11:14:16,2017-05-26 11:14:16
"rsync://rpki.afrinic.net/repository/member_repository/F3627BD6/366035A423F211E6BD17D823F8AEA228/332B087223FD11E6AEC3C232F8AEA228.roa",AS7020,196.45.168.0/21,24,2016-05-27 11:21:45,2017-05-26 11:21:45
"rsync://rpki.afrinic.net/repository/member_repository/F3627BD6/366035A423F211E6BD17D823F8AEA228/5DD10C0623F911E693793C2DF8AEA228.roa",AS7020,196.10.2.0/23,24,2016-05-27 10:54:17,2017-05-26 10:54:17
"rsync://rpki.afrinic.net/repository/member_repository/F3627BD6/366035A423F211E6BD17D823F8AEA228/9E662C7423F911E68F20692DF8AEA228.roa",AS7020,196.10.4.0/22,24,2016-05-27 10:56:06,2017-05-26 10:56:06
"rsync://rpki.afrinic.net/repository/member_repository/F3627BD6/366035A423F211E6BD17D823F8AEA228/A6BA888223FB11E6A577C930F8AEA228.roa",AS7020,196.10.32.0/20,24,2016-05-27 11:10:40,2017-05-26 11:10:40
"rsync://rpki.afrinic.net/repository/member_repository/F3627BD6/366035A423F211E6BD17D823F8AEA228/B04EAE1A23FA11E681D3122FF8AEA228.roa",AS7020,196.10.8.0/21,24,2016-05-27 11:03:46,2017-05-26 11:03:46
"rsync://rpki.afrinic.net/repository/member_repository/F3627BD6/366035A423F211E6BD17D823F8AEA228/E5D022C423FC11E69CAC5A31F8AEA228.roa",AS7020,196.29.128.0/19,24,2016-05-27 11:19:35,2017-05-26 11:19:35
"rsync://rpki.afrinic.net/repository/member_repository/F3627BD6/366035A423F211E6BD17D823F8AEA228/EF5A39F823FA11E698AA392FF8AEA228.roa",AS7020,196.10.16.0/20,24,2016-05-27 11:05:32,2017-05-26 11:05:32
"rsync://rpki.afrinic.net/repository/member_repository/F3627BD6/366035A423F211E6BD17D823F8AEA228/EFD27C5023FB11E68FC0E830F8AEA228.roa",AS7020,196.10.48.0/23,24,2016-05-27 11:12:39,2017-05-26 11:12:39
"rsync://rpki.afrinic.net/repository/member_repository/F3650583/FEDD6E5E578B11E58595F265F8AEA228/A83BE3F4578C11E58A529367F8AEA228.roa",AS26106,41.86.192.0/19,24,2015-09-10 07:22:24,2025-09-30 07:22:24
"rsync://rpki.afrinic.net/repository/member_repository/F3650583/FEDD6E5E578B11E58595F265F8AEA228/A83BE3F4578C11E58A529367F8AEA228.roa",AS26106,2c0f:f650::/32,48,2015-09-10 07:22:24,2025-09-30 07:22:24
"rsync://rpki.afrinic.net/repository/member_repository/F36DB4B4/CEEEADECB46111E5B4A90854F8AEA228/44FF457CB46311E58407FA55F8AEA228.roa",AS37100,154.72.240.0/20,24,2016-01-06 10:51:34,2036-12-31 10:51:34
"rsync://rpki.afrinic.net/repository/member_repository/F36DB4B4/CEEEADECB46111E5B4A90854F8AEA228/A17B340AB46311E59241EB56F8AEA228.roa",AS37100,2c0f:f8e0::/32,48,2016-01-06 10:54:12,2036-12-31 10:54:12
"rsync://rpki.afrinic.net/repository/member_repository/F36DB4B4/CEEEADECB46111E5B4A90854F8AEA228/F0D40794B46211E5A330CA55F8AEA228.roa",AS37100,41.207.232.0/22,24,2016-01-06 10:49:17,2036-12-31 10:49:17
"rsync://rpki.afrinic.net/repository/member_repository/F36C55B7/7726109A973411E58012541BF8AEA228/44490224A4C011E5B315FC0EF8AEA228.roa",AS10474,192.96.37.0/24,24,2015-12-17 13:16:50,2020-12-17 13:16:50
"rsync://rpki.afrinic.net/repository/member_repository/F3627BD6/4790CFC823F211E680CAE823F8AEA228/711C9BD223FD11E69893EE32F8AEA228.roa",AS7020,165.233.0.0/16,24,2016-05-27 11:23:29,2017-05-26 11:23:29
"rsync://rpki.afrinic.net/repository/member_repository/F36F62C3/80A5BAEC556911E59B9AAA81F8AEA228/49A430DA96A711E5A2DD6349F8AEA228.roa",AS6083,160.124.2.0/24,24,2015-11-29 14:42:32,2016-11-29 14:42:32
"rsync://rpki.afrinic.net/repository/member_repository/F36F62C3/80A5BAEC556911E59B9AAA81F8AEA228/9C98D63096AA11E59A0CA84EF8AEA228.roa",AS6083,160.124.0.0/16,24,2015-11-29 15:05:40,2016-11-29 15:05:40
"rsync://rpki.afrinic.net/repository/member_repository/F3680089/5F0033A07FA711E58C352532F8AEA228/8DDA4E267FAD11E5B4C4E43AF8AEA228.roa",AS327940,169.255.224.0/22,22,2015-10-31 08:59:10,2025-10-31 08:59:10
"rsync://rpki.afrinic.net/repository/member_repository/F3699B8E/0E47380CB12311E59144614AF8AEA228/F637F930B12311E5ADFA0F4CF8AEA228.roa",AS61138,169.239.128.0/22,23,2016-01-02 07:40:44,2021-01-24 07:40:44
"rsync://rpki.afrinic.net/repository/member_repository/F3650583/3201F8EA578C11E5AFE75367F8AEA228/BEFF85DC578C11E58AD59B67F8AEA228.roa",AS26106,216.236.176.0/20,24,2015-09-10 07:22:24,2025-09-30 07:22:24
